{"cameraMode":{"drawMode":0,"name":"Shaded","section":"Shading Mode"},"sceneLighting":true,"audioPlay":false,"sceneViewState":{"showFog":true,"showMaterialUpdate":false,"showSkybox":true,"showFlares":true,"showImageEffects":true,"showParticleSystems":true},"in2DMode":false,"pivot":{"x":-270.55999755859377,"y":-1.9000000953674317,"z":17.479999542236329},"rotation":{"x":-0.3322839140892029,"y":0.12762649357318879,"z":-0.04544086381793022,"w":-0.9334149956703186},"size":24.52902603149414,"orthographic":false}